source_id,label,url,role
7db34179,知乎专栏,https://zhuanlan.zhihu.com/p/667999199,ref
666df564,知乎专栏,https://zhuanlan.zhihu.com/p/458569443,ref
81a6307c,知乎专栏,https://zhuanlan.zhihu.com/p/610447292,ref
bdf439d5,百度百科,https://baike.baidu.com/item/%E9%98%B4%E9%98%B3%E7%9C%BC/7981406,ref
b0e949be,维基百科,https://zh.wikipedia.org/wiki/%E2%80%9C%E4%BA%94%E6%98%9F%E5%87%BA%E4%B8%9C%E6%96%B9%E5%88%A9%E4%B8%AD%E5%9B%BD%E2%80%9D%E6%8A%A4%E8%86%8A,ref
493107eb,百度百科,https://baike.baidu.com/item/%E6%91%B8%E9%87%91%E6%A0%A1%E5%B0%89/2294844,ref
41ca0b75,维基百科,https://zh.wikipedia.org/zh-hans/%E6%9C%A8%E7%89%9B%E6%B5%81%E9%A9%AC,ref
90e7b491,中国西藏新闻网,https://www.xzxw.com/lyrw/2015-03/21/content_1287068.html,ref
b8b7ed6d,kpzg.people.com.cn,http://kpzg.people.com.cn/n1/2016/0729/c404390-28595983.html,ref
b8b7ed6d,,https://web.archive.org/web/20130916013543/https://culture.ifeng.com/8/detail_2012_08/26/17099039_0.shtml,main
e528b132,维基百科,https://zh.wikipedia.org/wiki/%E9%98%BF%E5%BC%A5%E9%99%80%E4%BD%9B%E7%A2%91,ref
3549b6cb,知乎,https://www.zhihu.com/question/290071247,ref
153f7bed,,https://zh.wikipedia.org/zh-hans/%E4%B9%9D%E9%BC%8E,main
